file,shape_CZYX,projection,bg_sigma,clahe_clip,smooth_sigma,g488_n,g488_mean,g488_median,g488_p10,g488_p90,g488_std,r568_n,r568_mean,r568_median,r568_p10,r568_p90,r568_std,dapi_n,dapi_mean,dapi_median,dapi_p10,dapi_p90,dapi_std,mask488_area_fraction,mask568_area_fraction,g488_mean_in_mask488,r568_mean_in_mask568,corr_488_568_in_union_mask
RMC1 L152WT MOC EEA CD63 H PH 60OIL 0000.032.nd2,4x4x1024x1024,max,50,0.01,1,844553,0.06487350165843964,0.014797395095229149,1.875233829196077e-05,0.2057962417602539,0.10766550898551941,943049,0.019991420209407806,0.0035244226455688477,2.4769018637016416e-05,0.0538536012172699,0.04766175150871277,688485,0.01694679446518421,0.0007017638417892158,2.681934574866318e-06,0.006142516154795885,0.06897901743650436,0.07112312316894531,0.03021240234375,0.31761932373046875,0.19582846760749817,-0.19662968814373016
